scope,operator_or_method,route_class,nvidia_execution_path,source_file,in_full_config,int8_related_hint,note
aten,_flash_attention_forward,aten_python_register,aten -> FlagGems Python register (Triton/backend-specific implementation),src/flag_gems/__init__.py + src/flag_gems/runtime/register.py,true,false,Registered by flag_gems.enable(...)
aten,_log_softmax,aten_python_register,aten -> FlagGems Python register (Triton/backend-specific implementation),src/flag_gems/__init__.py + src/flag_gems/runtime/register.py,true,false,Registered by flag_gems.enable(...)
aten,_log_softmax_backward_data,aten_python_register,aten -> FlagGems Python register (Triton/backend-specific implementation),src/flag_gems/__init__.py + src/flag_gems/runtime/register.py,true,false,Registered by flag_gems.enable(...)
aten,_softmax,aten_python_register,aten -> FlagGems Python register (Triton/backend-specific implementation),src/flag_gems/__init__.py + src/flag_gems/runtime/register.py,true,false,Registered by flag_gems.enable(...)
aten,_softmax_backward_data,aten_python_register,aten -> FlagGems Python register (Triton/backend-specific implementation),src/flag_gems/__init__.py + src/flag_gems/runtime/register.py,true,false,Registered by flag_gems.enable(...)
aten,_to_copy,aten_python_register,aten -> FlagGems Python register (Triton/backend-specific implementation),src/flag_gems/__init__.py + src/flag_gems/runtime/register.py,true,false,Registered by flag_gems.enable(...)
aten,_unique2,aten_python_register,aten -> FlagGems Python register (Triton/backend-specific implementation),src/flag_gems/__init__.py + src/flag_gems/runtime/register.py,true,false,Registered by flag_gems.enable(...)
aten,_upsample_bicubic2d_aa,aten_python_register,aten -> FlagGems Python register (Triton/backend-specific implementation),src/flag_gems/__init__.py + src/flag_gems/runtime/register.py,true,false,Registered by flag_gems.enable(...)
aten,_weight_norm_interface,aten_python_register,aten -> FlagGems Python register (Triton/backend-specific implementation),src/flag_gems/__init__.py + src/flag_gems/runtime/register.py,true,false,Registered by flag_gems.enable(...)
aten,_weight_norm_interface_backward,aten_python_register,aten -> FlagGems Python register (Triton/backend-specific implementation),src/flag_gems/__init__.py + src/flag_gems/runtime/register.py,true,false,Registered by flag_gems.enable(...)
aten,abs,aten_python_register,aten -> FlagGems Python register (Triton/backend-specific implementation),src/flag_gems/__init__.py + src/flag_gems/runtime/register.py,true,false,Registered by flag_gems.enable(...)
aten,abs_,aten_python_register,aten -> FlagGems Python register (Triton/backend-specific implementation),src/flag_gems/__init__.py + src/flag_gems/runtime/register.py,true,false,Registered by flag_gems.enable(...)
aten,acos,aten_python_register,aten -> FlagGems Python register (Triton/backend-specific implementation),src/flag_gems/__init__.py + src/flag_gems/runtime/register.py,true,false,Registered by flag_gems.enable(...)
aten,add.Tensor,aten_python_register,aten -> FlagGems Python register (Triton/backend-specific implementation),src/flag_gems/__init__.py + src/flag_gems/runtime/register.py,true,false,Registered by flag_gems.enable(...)
aten,add_.Tensor,aten_python_register,aten -> FlagGems Python register (Triton/backend-specific implementation),src/flag_gems/__init__.py + src/flag_gems/runtime/register.py,true,false,Registered by flag_gems.enable(...)
aten,addcdiv,aten_python_register,aten -> FlagGems Python register (Triton/backend-specific implementation),src/flag_gems/__init__.py + src/flag_gems/runtime/register.py,true,false,Registered by flag_gems.enable(...)
aten,addcmul,aten_python_register,aten -> FlagGems Python register (Triton/backend-specific implementation),src/flag_gems/__init__.py + src/flag_gems/runtime/register.py,true,false,Registered by flag_gems.enable(...)
aten,addmm,aten_python_register,aten -> FlagGems Python register (Triton/backend-specific implementation),src/flag_gems/__init__.py + src/flag_gems/runtime/register.py,true,true,Registered by flag_gems.enable(...)
aten,addmm.out,aten_python_register,aten -> FlagGems Python register (Triton/backend-specific implementation),src/flag_gems/__init__.py + src/flag_gems/runtime/register.py,true,true,Registered by flag_gems.enable(...)
aten,addmv,aten_python_register,aten -> FlagGems Python register (Triton/backend-specific implementation),src/flag_gems/__init__.py + src/flag_gems/runtime/register.py,true,false,Registered by flag_gems.enable(...)
aten,addmv.out,aten_python_register,aten -> FlagGems Python register (Triton/backend-specific implementation),src/flag_gems/__init__.py + src/flag_gems/runtime/register.py,true,false,Registered by flag_gems.enable(...)
aten,addr,aten_python_register,aten -> FlagGems Python register (Triton/backend-specific implementation),src/flag_gems/__init__.py + src/flag_gems/runtime/register.py,true,false,Registered by flag_gems.enable(...)
aten,all,aten_python_register,aten -> FlagGems Python register (Triton/backend-specific implementation),src/flag_gems/__init__.py + src/flag_gems/runtime/register.py,true,false,Registered by flag_gems.enable(...)
aten,all.dim,aten_python_register,aten -> FlagGems Python register (Triton/backend-specific implementation),src/flag_gems/__init__.py + src/flag_gems/runtime/register.py,true,false,Registered by flag_gems.enable(...)
aten,all.dims,aten_python_register,aten -> FlagGems Python register (Triton/backend-specific implementation),src/flag_gems/__init__.py + src/flag_gems/runtime/register.py,true,false,Registered by flag_gems.enable(...)
aten,allclose,aten_python_register,aten -> FlagGems Python register (Triton/backend-specific implementation),src/flag_gems/__init__.py + src/flag_gems/runtime/register.py,true,false,Registered by flag_gems.enable(...)
aten,amax,aten_python_register,aten -> FlagGems Python register (Triton/backend-specific implementation),src/flag_gems/__init__.py + src/flag_gems/runtime/register.py,true,false,Registered by flag_gems.enable(...)
aten,angle,aten_python_register,aten -> FlagGems Python register (Triton/backend-specific implementation),src/flag_gems/__init__.py + src/flag_gems/runtime/register.py,true,false,Registered by flag_gems.enable(...)
aten,any,aten_python_register,aten -> FlagGems Python register (Triton/backend-specific implementation),src/flag_gems/__init__.py + src/flag_gems/runtime/register.py,true,false,Registered by flag_gems.enable(...)
aten,any.dim,aten_python_register,aten -> FlagGems Python register (Triton/backend-specific implementation),src/flag_gems/__init__.py + src/flag_gems/runtime/register.py,true,false,Registered by flag_gems.enable(...)
aten,any.dims,aten_python_register,aten -> FlagGems Python register (Triton/backend-specific implementation),src/flag_gems/__init__.py + src/flag_gems/runtime/register.py,true,false,Registered by flag_gems.enable(...)
aten,arange,aten_python_register,aten -> FlagGems Python register (Triton/backend-specific implementation),src/flag_gems/__init__.py + src/flag_gems/runtime/register.py,true,false,Registered by flag_gems.enable(...)
aten,arange.start,aten_python_register,aten -> FlagGems Python register (Triton/backend-specific implementation),src/flag_gems/__init__.py + src/flag_gems/runtime/register.py,true,false,Registered by flag_gems.enable(...)
aten,arange.start_step,aten_python_register,aten -> FlagGems Python register (Triton/backend-specific implementation),src/flag_gems/__init__.py + src/flag_gems/runtime/register.py,true,false,Registered by flag_gems.enable(...)
aten,argmax,aten_python_register,aten -> FlagGems Python register (Triton/backend-specific implementation),src/flag_gems/__init__.py + src/flag_gems/runtime/register.py,true,false,Registered by flag_gems.enable(...)
aten,argmin,aten_python_register,aten -> FlagGems Python register (Triton/backend-specific implementation),src/flag_gems/__init__.py + src/flag_gems/runtime/register.py,true,false,Registered by flag_gems.enable(...)
aten,atan,aten_python_register,aten -> FlagGems Python register (Triton/backend-specific implementation),src/flag_gems/__init__.py + src/flag_gems/runtime/register.py,true,false,Registered by flag_gems.enable(...)
aten,atan_,aten_python_register,aten -> FlagGems Python register (Triton/backend-specific implementation),src/flag_gems/__init__.py + src/flag_gems/runtime/register.py,true,false,Registered by flag_gems.enable(...)
aten,avg_pool2d,aten_python_register,aten -> FlagGems Python register (Triton/backend-specific implementation),src/flag_gems/__init__.py + src/flag_gems/runtime/register.py,true,false,Registered by flag_gems.enable(...)
aten,avg_pool2d_backward,aten_python_register,aten -> FlagGems Python register (Triton/backend-specific implementation),src/flag_gems/__init__.py + src/flag_gems/runtime/register.py,true,false,Registered by flag_gems.enable(...)
aten,baddbmm,aten_python_register,aten -> FlagGems Python register (Triton/backend-specific implementation),src/flag_gems/__init__.py + src/flag_gems/runtime/register.py,true,true,Registered by flag_gems.enable(...)
aten,bitwise_and.Scalar,aten_python_register,aten -> FlagGems Python register (Triton/backend-specific implementation),src/flag_gems/__init__.py + src/flag_gems/runtime/register.py,true,false,Registered by flag_gems.enable(...)
aten,bitwise_and.Scalar_Tensor,aten_python_register,aten -> FlagGems Python register (Triton/backend-specific implementation),src/flag_gems/__init__.py + src/flag_gems/runtime/register.py,true,false,Registered by flag_gems.enable(...)
aten,bitwise_and.Tensor,aten_python_register,aten -> FlagGems Python register (Triton/backend-specific implementation),src/flag_gems/__init__.py + src/flag_gems/runtime/register.py,true,false,Registered by flag_gems.enable(...)
aten,bitwise_and_.Scalar,aten_python_register,aten -> FlagGems Python register (Triton/backend-specific implementation),src/flag_gems/__init__.py + src/flag_gems/runtime/register.py,true,false,Registered by flag_gems.enable(...)
aten,bitwise_and_.Tensor,aten_python_register,aten -> FlagGems Python register (Triton/backend-specific implementation),src/flag_gems/__init__.py + src/flag_gems/runtime/register.py,true,false,Registered by flag_gems.enable(...)
aten,bitwise_left_shift,aten_python_register,aten -> FlagGems Python register (Triton/backend-specific implementation),src/flag_gems/__init__.py + src/flag_gems/runtime/register.py,true,false,Registered by flag_gems.enable(...)
aten,bitwise_not,aten_python_register,aten -> FlagGems Python register (Triton/backend-specific implementation),src/flag_gems/__init__.py + src/flag_gems/runtime/register.py,true,false,Registered by flag_gems.enable(...)
aten,bitwise_not_,aten_python_register,aten -> FlagGems Python register (Triton/backend-specific implementation),src/flag_gems/__init__.py + src/flag_gems/runtime/register.py,true,false,Registered by flag_gems.enable(...)
aten,bitwise_or.Scalar,aten_python_register,aten -> FlagGems Python register (Triton/backend-specific implementation),src/flag_gems/__init__.py + src/flag_gems/runtime/register.py,true,false,Registered by flag_gems.enable(...)
aten,bitwise_or.Scalar_Tensor,aten_python_register,aten -> FlagGems Python register (Triton/backend-specific implementation),src/flag_gems/__init__.py + src/flag_gems/runtime/register.py,true,false,Registered by flag_gems.enable(...)
aten,bitwise_or.Tensor,aten_python_register,aten -> FlagGems Python register (Triton/backend-specific implementation),src/flag_gems/__init__.py + src/flag_gems/runtime/register.py,true,false,Registered by flag_gems.enable(...)
aten,bitwise_or_.Scalar,aten_python_register,aten -> FlagGems Python register (Triton/backend-specific implementation),src/flag_gems/__init__.py + src/flag_gems/runtime/register.py,true,false,Registered by flag_gems.enable(...)
aten,bitwise_or_.Tensor,aten_python_register,aten -> FlagGems Python register (Triton/backend-specific implementation),src/flag_gems/__init__.py + src/flag_gems/runtime/register.py,true,false,Registered by flag_gems.enable(...)
aten,bitwise_right_shift,aten_python_register,aten -> FlagGems Python register (Triton/backend-specific implementation),src/flag_gems/__init__.py + src/flag_gems/runtime/register.py,true,false,Registered by flag_gems.enable(...)
aten,bmm,aten_python_register,aten -> FlagGems Python register (Triton/backend-specific implementation),src/flag_gems/__init__.py + src/flag_gems/runtime/register.py,true,true,Registered by flag_gems.enable(...)
aten,bmm.out,aten_python_register,aten -> FlagGems Python register (Triton/backend-specific implementation),src/flag_gems/__init__.py + src/flag_gems/runtime/register.py,true,true,Registered by flag_gems.enable(...)
aten,cat,aten_python_register,aten -> FlagGems Python register (Triton/backend-specific implementation),src/flag_gems/__init__.py + src/flag_gems/runtime/register.py,true,false,Registered by flag_gems.enable(...)
aten,ceil,aten_python_register,aten -> FlagGems Python register (Triton/backend-specific implementation),src/flag_gems/__init__.py + src/flag_gems/runtime/register.py,true,false,Registered by flag_gems.enable(...)
aten,ceil.out,aten_python_register,aten -> FlagGems Python register (Triton/backend-specific implementation),src/flag_gems/__init__.py + src/flag_gems/runtime/register.py,true,false,Registered by flag_gems.enable(...)
aten,ceil_,aten_python_register,aten -> FlagGems Python register (Triton/backend-specific implementation),src/flag_gems/__init__.py + src/flag_gems/runtime/register.py,true,false,Registered by flag_gems.enable(...)
aten,celu,aten_python_register,aten -> FlagGems Python register (Triton/backend-specific implementation),src/flag_gems/__init__.py + src/flag_gems/runtime/register.py,true,false,Registered by flag_gems.enable(...)
aten,celu_,aten_python_register,aten -> FlagGems Python register (Triton/backend-specific implementation),src/flag_gems/__init__.py + src/flag_gems/runtime/register.py,true,false,Registered by flag_gems.enable(...)
aten,clamp,aten_python_register,aten -> FlagGems Python register (Triton/backend-specific implementation),src/flag_gems/__init__.py + src/flag_gems/runtime/register.py,true,false,Registered by flag_gems.enable(...)
aten,clamp.Tensor,aten_python_register,aten -> FlagGems Python register (Triton/backend-specific implementation),src/flag_gems/__init__.py + src/flag_gems/runtime/register.py,true,false,Registered by flag_gems.enable(...)
aten,clamp_,aten_python_register,aten -> FlagGems Python register (Triton/backend-specific implementation),src/flag_gems/__init__.py + src/flag_gems/runtime/register.py,true,false,Registered by flag_gems.enable(...)
aten,clamp_.Tensor,aten_python_register,aten -> FlagGems Python register (Triton/backend-specific implementation),src/flag_gems/__init__.py + src/flag_gems/runtime/register.py,true,false,Registered by flag_gems.enable(...)
aten,clamp_min,aten_python_register,aten -> FlagGems Python register (Triton/backend-specific implementation),src/flag_gems/__init__.py + src/flag_gems/runtime/register.py,true,false,Registered by flag_gems.enable(...)
aten,clamp_min_,aten_python_register,aten -> FlagGems Python register (Triton/backend-specific implementation),src/flag_gems/__init__.py + src/flag_gems/runtime/register.py,true,false,Registered by flag_gems.enable(...)
aten,constant_pad_nd,aten_python_register,aten -> FlagGems Python register (Triton/backend-specific implementation),src/flag_gems/__init__.py + src/flag_gems/runtime/register.py,true,false,Registered by flag_gems.enable(...)
aten,contiguous,aten_python_register,aten -> FlagGems Python register (Triton/backend-specific implementation),src/flag_gems/__init__.py + src/flag_gems/runtime/register.py,true,false,Registered by flag_gems.enable(...)
aten,conv1d,aten_python_register,aten -> FlagGems Python register (Triton/backend-specific implementation),src/flag_gems/__init__.py + src/flag_gems/runtime/register.py,true,false,Registered by flag_gems.enable(...)
aten,conv1d.padding,aten_python_register,aten -> FlagGems Python register (Triton/backend-specific implementation),src/flag_gems/__init__.py + src/flag_gems/runtime/register.py,true,false,Registered by flag_gems.enable(...)
aten,conv2d,aten_python_register,aten -> FlagGems Python register (Triton/backend-specific implementation),src/flag_gems/__init__.py + src/flag_gems/runtime/register.py,true,false,Registered by flag_gems.enable(...)
aten,conv2d.padding,aten_python_register,aten -> FlagGems Python register (Triton/backend-specific implementation),src/flag_gems/__init__.py + src/flag_gems/runtime/register.py,true,false,Registered by flag_gems.enable(...)
aten,conv3d,aten_python_register,aten -> FlagGems Python register (Triton/backend-specific implementation),src/flag_gems/__init__.py + src/flag_gems/runtime/register.py,true,false,Registered by flag_gems.enable(...)
aten,conv3d.padding,aten_python_register,aten -> FlagGems Python register (Triton/backend-specific implementation),src/flag_gems/__init__.py + src/flag_gems/runtime/register.py,true,false,Registered by flag_gems.enable(...)
aten,copy_,aten_python_register,aten -> FlagGems Python register (Triton/backend-specific implementation),src/flag_gems/__init__.py + src/flag_gems/runtime/register.py,true,false,Registered by flag_gems.enable(...)
aten,cos,aten_python_register,aten -> FlagGems Python register (Triton/backend-specific implementation),src/flag_gems/__init__.py + src/flag_gems/runtime/register.py,true,false,Registered by flag_gems.enable(...)
aten,cos_,aten_python_register,aten -> FlagGems Python register (Triton/backend-specific implementation),src/flag_gems/__init__.py + src/flag_gems/runtime/register.py,true,false,Registered by flag_gems.enable(...)
aten,count_nonzero,aten_python_register,aten -> FlagGems Python register (Triton/backend-specific implementation),src/flag_gems/__init__.py + src/flag_gems/runtime/register.py,true,false,Registered by flag_gems.enable(...)
aten,cummax,aten_python_register,aten -> FlagGems Python register (Triton/backend-specific implementation),src/flag_gems/__init__.py + src/flag_gems/runtime/register.py,true,true,Registered by flag_gems.enable(...)
aten,cummin,aten_python_register,aten -> FlagGems Python register (Triton/backend-specific implementation),src/flag_gems/__init__.py + src/flag_gems/runtime/register.py,true,true,Registered by flag_gems.enable(...)
aten,cumsum,aten_python_register,aten -> FlagGems Python register (Triton/backend-specific implementation),src/flag_gems/__init__.py + src/flag_gems/runtime/register.py,true,false,Registered by flag_gems.enable(...)
aten,cumsum.out,aten_python_register,aten -> FlagGems Python register (Triton/backend-specific implementation),src/flag_gems/__init__.py + src/flag_gems/runtime/register.py,true,false,Registered by flag_gems.enable(...)
aten,diag,aten_python_register,aten -> FlagGems Python register (Triton/backend-specific implementation),src/flag_gems/__init__.py + src/flag_gems/runtime/register.py,true,false,Registered by flag_gems.enable(...)
aten,diag_embed,aten_python_register,aten -> FlagGems Python register (Triton/backend-specific implementation),src/flag_gems/__init__.py + src/flag_gems/runtime/register.py,true,false,Registered by flag_gems.enable(...)
aten,diagonal_backward,aten_python_register,aten -> FlagGems Python register (Triton/backend-specific implementation),src/flag_gems/__init__.py + src/flag_gems/runtime/register.py,true,false,Registered by flag_gems.enable(...)
aten,div.Scalar,aten_python_register,aten -> FlagGems Python register (Triton/backend-specific implementation),src/flag_gems/__init__.py + src/flag_gems/runtime/register.py,true,false,Registered by flag_gems.enable(...)
aten,div.Scalar_mode,aten_python_register,aten -> FlagGems Python register (Triton/backend-specific implementation),src/flag_gems/__init__.py + src/flag_gems/runtime/register.py,true,false,Registered by flag_gems.enable(...)
aten,div.Tensor,aten_python_register,aten -> FlagGems Python register (Triton/backend-specific implementation),src/flag_gems/__init__.py + src/flag_gems/runtime/register.py,true,false,Registered by flag_gems.enable(...)
aten,div.Tensor_mode,aten_python_register,aten -> FlagGems Python register (Triton/backend-specific implementation),src/flag_gems/__init__.py + src/flag_gems/runtime/register.py,true,false,Registered by flag_gems.enable(...)
aten,div.out,aten_python_register,aten -> FlagGems Python register (Triton/backend-specific implementation),src/flag_gems/__init__.py + src/flag_gems/runtime/register.py,true,false,Registered by flag_gems.enable(...)
aten,div_.Scalar,aten_python_register,aten -> FlagGems Python register (Triton/backend-specific implementation),src/flag_gems/__init__.py + src/flag_gems/runtime/register.py,true,false,Registered by flag_gems.enable(...)
aten,div_.Scalar_mode,aten_python_register,aten -> FlagGems Python register (Triton/backend-specific implementation),src/flag_gems/__init__.py + src/flag_gems/runtime/register.py,true,false,Registered by flag_gems.enable(...)
aten,div_.Tensor,aten_python_register,aten -> FlagGems Python register (Triton/backend-specific implementation),src/flag_gems/__init__.py + src/flag_gems/runtime/register.py,true,false,Registered by flag_gems.enable(...)
aten,div_.Tensor_mode,aten_python_register,aten -> FlagGems Python register (Triton/backend-specific implementation),src/flag_gems/__init__.py + src/flag_gems/runtime/register.py,true,false,Registered by flag_gems.enable(...)
aten,divide.Scalar,aten_python_register,aten -> FlagGems Python register (Triton/backend-specific implementation),src/flag_gems/__init__.py + src/flag_gems/runtime/register.py,true,false,Registered by flag_gems.enable(...)
aten,divide.Scalar_mode,aten_python_register,aten -> FlagGems Python register (Triton/backend-specific implementation),src/flag_gems/__init__.py + src/flag_gems/runtime/register.py,true,false,Registered by flag_gems.enable(...)
aten,divide.Tensor,aten_python_register,aten -> FlagGems Python register (Triton/backend-specific implementation),src/flag_gems/__init__.py + src/flag_gems/runtime/register.py,true,false,Registered by flag_gems.enable(...)
aten,divide.Tensor_mode,aten_python_register,aten -> FlagGems Python register (Triton/backend-specific implementation),src/flag_gems/__init__.py + src/flag_gems/runtime/register.py,true,false,Registered by flag_gems.enable(...)
aten,divide_.Scalar,aten_python_register,aten -> FlagGems Python register (Triton/backend-specific implementation),src/flag_gems/__init__.py + src/flag_gems/runtime/register.py,true,false,Registered by flag_gems.enable(...)
aten,divide_.Scalar_mode,aten_python_register,aten -> FlagGems Python register (Triton/backend-specific implementation),src/flag_gems/__init__.py + src/flag_gems/runtime/register.py,true,false,Registered by flag_gems.enable(...)
aten,divide_.Tensor,aten_python_register,aten -> FlagGems Python register (Triton/backend-specific implementation),src/flag_gems/__init__.py + src/flag_gems/runtime/register.py,true,false,Registered by flag_gems.enable(...)
aten,divide_.Tensor_mode,aten_python_register,aten -> FlagGems Python register (Triton/backend-specific implementation),src/flag_gems/__init__.py + src/flag_gems/runtime/register.py,true,false,Registered by flag_gems.enable(...)
aten,dot,aten_python_register,aten -> FlagGems Python register (Triton/backend-specific implementation),src/flag_gems/__init__.py + src/flag_gems/runtime/register.py,true,false,Registered by flag_gems.enable(...)
aten,elu,aten_python_register,aten -> FlagGems Python register (Triton/backend-specific implementation),src/flag_gems/__init__.py + src/flag_gems/runtime/register.py,true,false,Registered by flag_gems.enable(...)
aten,elu_,aten_python_register,aten -> FlagGems Python register (Triton/backend-specific implementation),src/flag_gems/__init__.py + src/flag_gems/runtime/register.py,true,false,Registered by flag_gems.enable(...)
aten,elu_backward,aten_python_register,aten -> FlagGems Python register (Triton/backend-specific implementation),src/flag_gems/__init__.py + src/flag_gems/runtime/register.py,true,false,Registered by flag_gems.enable(...)
aten,embedding,aten_python_register,aten -> FlagGems Python register (Triton/backend-specific implementation),src/flag_gems/__init__.py + src/flag_gems/runtime/register.py,true,false,Registered by flag_gems.enable(...)
aten,embedding_backward,aten_python_register,aten -> FlagGems Python register (Triton/backend-specific implementation),src/flag_gems/__init__.py + src/flag_gems/runtime/register.py,true,false,Registered by flag_gems.enable(...)
aten,eq.Scalar,aten_python_register,aten -> FlagGems Python register (Triton/backend-specific implementation),src/flag_gems/__init__.py + src/flag_gems/runtime/register.py,true,false,Registered by flag_gems.enable(...)
aten,eq.Tensor,aten_python_register,aten -> FlagGems Python register (Triton/backend-specific implementation),src/flag_gems/__init__.py + src/flag_gems/runtime/register.py,true,false,Registered by flag_gems.enable(...)
aten,equal,aten_python_register,aten -> FlagGems Python register (Triton/backend-specific implementation),src/flag_gems/__init__.py + src/flag_gems/runtime/register.py,true,false,Registered by flag_gems.enable(...)
aten,erf,aten_python_register,aten -> FlagGems Python register (Triton/backend-specific implementation),src/flag_gems/__init__.py + src/flag_gems/runtime/register.py,true,false,Registered by flag_gems.enable(...)
aten,erf_,aten_python_register,aten -> FlagGems Python register (Triton/backend-specific implementation),src/flag_gems/__init__.py + src/flag_gems/runtime/register.py,true,false,Registered by flag_gems.enable(...)
aten,exp,aten_python_register,aten -> FlagGems Python register (Triton/backend-specific implementation),src/flag_gems/__init__.py + src/flag_gems/runtime/register.py,true,false,Registered by flag_gems.enable(...)
aten,exp.out,aten_python_register,aten -> FlagGems Python register (Triton/backend-specific implementation),src/flag_gems/__init__.py + src/flag_gems/runtime/register.py,true,false,Registered by flag_gems.enable(...)
aten,exp2,aten_python_register,aten -> FlagGems Python register (Triton/backend-specific implementation),src/flag_gems/__init__.py + src/flag_gems/runtime/register.py,true,false,Registered by flag_gems.enable(...)
aten,exp2_,aten_python_register,aten -> FlagGems Python register (Triton/backend-specific implementation),src/flag_gems/__init__.py + src/flag_gems/runtime/register.py,true,false,Registered by flag_gems.enable(...)
aten,exp_,aten_python_register,aten -> FlagGems Python register (Triton/backend-specific implementation),src/flag_gems/__init__.py + src/flag_gems/runtime/register.py,true,false,Registered by flag_gems.enable(...)
aten,exponential_,aten_python_register,aten -> FlagGems Python register (Triton/backend-specific implementation),src/flag_gems/__init__.py + src/flag_gems/runtime/register.py,true,false,Registered by flag_gems.enable(...)
aten,eye,aten_python_register,aten -> FlagGems Python register (Triton/backend-specific implementation),src/flag_gems/__init__.py + src/flag_gems/runtime/register.py,true,false,Registered by flag_gems.enable(...)
aten,eye.m,aten_python_register,aten -> FlagGems Python register (Triton/backend-specific implementation),src/flag_gems/__init__.py + src/flag_gems/runtime/register.py,true,false,Registered by flag_gems.enable(...)
aten,fill.Scalar,aten_patch_cpp,aten -> FlagGems C++ aten_patch (CUDA),src/flag_gems/csrc/aten_patch.cpp,true,false,"If also in _FULL_CONFIG, Python registration is excluded by cpp_patched_ops"
aten,fill.Tensor,aten_python_register,aten -> FlagGems Python register (Triton/backend-specific implementation),src/flag_gems/__init__.py + src/flag_gems/runtime/register.py,true,false,Registered by flag_gems.enable(...)
aten,fill_.Scalar,aten_patch_cpp,aten -> FlagGems C++ aten_patch (CUDA),src/flag_gems/csrc/aten_patch.cpp,true,false,"If also in _FULL_CONFIG, Python registration is excluded by cpp_patched_ops"
aten,fill_.Tensor,aten_python_register,aten -> FlagGems Python register (Triton/backend-specific implementation),src/flag_gems/__init__.py + src/flag_gems/runtime/register.py,true,false,Registered by flag_gems.enable(...)
aten,flip,aten_python_register,aten -> FlagGems Python register (Triton/backend-specific implementation),src/flag_gems/__init__.py + src/flag_gems/runtime/register.py,true,false,Registered by flag_gems.enable(...)
aten,floor_divide,aten_python_register,aten -> FlagGems Python register (Triton/backend-specific implementation),src/flag_gems/__init__.py + src/flag_gems/runtime/register.py,true,false,Registered by flag_gems.enable(...)
aten,floor_divide.Scalar,aten_python_register,aten -> FlagGems Python register (Triton/backend-specific implementation),src/flag_gems/__init__.py + src/flag_gems/runtime/register.py,true,false,Registered by flag_gems.enable(...)
aten,floor_divide_.Scalar,aten_python_register,aten -> FlagGems Python register (Triton/backend-specific implementation),src/flag_gems/__init__.py + src/flag_gems/runtime/register.py,true,false,Registered by flag_gems.enable(...)
aten,floor_divide_.Tensor,aten_python_register,aten -> FlagGems Python register (Triton/backend-specific implementation),src/flag_gems/__init__.py + src/flag_gems/runtime/register.py,true,false,Registered by flag_gems.enable(...)
aten,full,aten_python_register,aten -> FlagGems Python register (Triton/backend-specific implementation),src/flag_gems/__init__.py + src/flag_gems/runtime/register.py,true,false,Registered by flag_gems.enable(...)
aten,full_like,aten_python_register,aten -> FlagGems Python register (Triton/backend-specific implementation),src/flag_gems/__init__.py + src/flag_gems/runtime/register.py,true,false,Registered by flag_gems.enable(...)
aten,gather,aten_python_register,aten -> FlagGems Python register (Triton/backend-specific implementation),src/flag_gems/__init__.py + src/flag_gems/runtime/register.py,true,false,Registered by flag_gems.enable(...)
aten,gather_backward,aten_python_register,aten -> FlagGems Python register (Triton/backend-specific implementation),src/flag_gems/__init__.py + src/flag_gems/runtime/register.py,true,false,Registered by flag_gems.enable(...)
aten,ge.Scalar,aten_python_register,aten -> FlagGems Python register (Triton/backend-specific implementation),src/flag_gems/__init__.py + src/flag_gems/runtime/register.py,true,false,Registered by flag_gems.enable(...)
aten,ge.Tensor,aten_python_register,aten -> FlagGems Python register (Triton/backend-specific implementation),src/flag_gems/__init__.py + src/flag_gems/runtime/register.py,true,false,Registered by flag_gems.enable(...)
aten,gelu,aten_python_register,aten -> FlagGems Python register (Triton/backend-specific implementation),src/flag_gems/__init__.py + src/flag_gems/runtime/register.py,true,false,Registered by flag_gems.enable(...)
aten,gelu_,aten_python_register,aten -> FlagGems Python register (Triton/backend-specific implementation),src/flag_gems/__init__.py + src/flag_gems/runtime/register.py,true,false,Registered by flag_gems.enable(...)
aten,gelu_backward,aten_python_register,aten -> FlagGems Python register (Triton/backend-specific implementation),src/flag_gems/__init__.py + src/flag_gems/runtime/register.py,true,false,Registered by flag_gems.enable(...)
aten,glu,aten_python_register,aten -> FlagGems Python register (Triton/backend-specific implementation),src/flag_gems/__init__.py + src/flag_gems/runtime/register.py,true,false,Registered by flag_gems.enable(...)
aten,glu_backward,aten_python_register,aten -> FlagGems Python register (Triton/backend-specific implementation),src/flag_gems/__init__.py + src/flag_gems/runtime/register.py,true,false,Registered by flag_gems.enable(...)
aten,gt.Scalar,aten_python_register,aten -> FlagGems Python register (Triton/backend-specific implementation),src/flag_gems/__init__.py + src/flag_gems/runtime/register.py,true,false,Registered by flag_gems.enable(...)
aten,gt.Tensor,aten_python_register,aten -> FlagGems Python register (Triton/backend-specific implementation),src/flag_gems/__init__.py + src/flag_gems/runtime/register.py,true,false,Registered by flag_gems.enable(...)
aten,hstack,aten_python_register,aten -> FlagGems Python register (Triton/backend-specific implementation),src/flag_gems/__init__.py + src/flag_gems/runtime/register.py,true,false,Registered by flag_gems.enable(...)
aten,index.Tensor,aten_python_register,aten -> FlagGems Python register (Triton/backend-specific implementation),src/flag_gems/__init__.py + src/flag_gems/runtime/register.py,true,false,Registered by flag_gems.enable(...)
aten,index_add,aten_python_register,aten -> FlagGems Python register (Triton/backend-specific implementation),src/flag_gems/__init__.py + src/flag_gems/runtime/register.py,true,false,Registered by flag_gems.enable(...)
aten,index_add_,aten_python_register,aten -> FlagGems Python register (Triton/backend-specific implementation),src/flag_gems/__init__.py + src/flag_gems/runtime/register.py,true,false,Registered by flag_gems.enable(...)
aten,index_put,aten_python_register,aten -> FlagGems Python register (Triton/backend-specific implementation),src/flag_gems/__init__.py + src/flag_gems/runtime/register.py,true,false,Registered by flag_gems.enable(...)
aten,index_put_,aten_python_register,aten -> FlagGems Python register (Triton/backend-specific implementation),src/flag_gems/__init__.py + src/flag_gems/runtime/register.py,true,false,Registered by flag_gems.enable(...)
aten,index_select,aten_python_register,aten -> FlagGems Python register (Triton/backend-specific implementation),src/flag_gems/__init__.py + src/flag_gems/runtime/register.py,true,false,Registered by flag_gems.enable(...)
aten,isclose,aten_python_register,aten -> FlagGems Python register (Triton/backend-specific implementation),src/flag_gems/__init__.py + src/flag_gems/runtime/register.py,true,false,Registered by flag_gems.enable(...)
aten,isfinite,aten_python_register,aten -> FlagGems Python register (Triton/backend-specific implementation),src/flag_gems/__init__.py + src/flag_gems/runtime/register.py,true,false,Registered by flag_gems.enable(...)
aten,isin.Scalar_Tensor,aten_python_register,aten -> FlagGems Python register (Triton/backend-specific implementation),src/flag_gems/__init__.py + src/flag_gems/runtime/register.py,true,false,Registered by flag_gems.enable(...)
aten,isin.Tensor_Scalar,aten_python_register,aten -> FlagGems Python register (Triton/backend-specific implementation),src/flag_gems/__init__.py + src/flag_gems/runtime/register.py,true,false,Registered by flag_gems.enable(...)
aten,isin.Tensor_Tensor,aten_python_register,aten -> FlagGems Python register (Triton/backend-specific implementation),src/flag_gems/__init__.py + src/flag_gems/runtime/register.py,true,false,Registered by flag_gems.enable(...)
aten,isinf,aten_python_register,aten -> FlagGems Python register (Triton/backend-specific implementation),src/flag_gems/__init__.py + src/flag_gems/runtime/register.py,true,false,Registered by flag_gems.enable(...)
aten,isnan,aten_python_register,aten -> FlagGems Python register (Triton/backend-specific implementation),src/flag_gems/__init__.py + src/flag_gems/runtime/register.py,true,false,Registered by flag_gems.enable(...)
aten,kron,aten_python_register,aten -> FlagGems Python register (Triton/backend-specific implementation),src/flag_gems/__init__.py + src/flag_gems/runtime/register.py,true,false,Registered by flag_gems.enable(...)
aten,le.Scalar,aten_python_register,aten -> FlagGems Python register (Triton/backend-specific implementation),src/flag_gems/__init__.py + src/flag_gems/runtime/register.py,true,false,Registered by flag_gems.enable(...)
aten,le.Tensor,aten_python_register,aten -> FlagGems Python register (Triton/backend-specific implementation),src/flag_gems/__init__.py + src/flag_gems/runtime/register.py,true,false,Registered by flag_gems.enable(...)
aten,lerp.Scalar,aten_python_register,aten -> FlagGems Python register (Triton/backend-specific implementation),src/flag_gems/__init__.py + src/flag_gems/runtime/register.py,true,false,Registered by flag_gems.enable(...)
aten,lerp.Tensor,aten_python_register,aten -> FlagGems Python register (Triton/backend-specific implementation),src/flag_gems/__init__.py + src/flag_gems/runtime/register.py,true,false,Registered by flag_gems.enable(...)
aten,lerp_.Scalar,aten_python_register,aten -> FlagGems Python register (Triton/backend-specific implementation),src/flag_gems/__init__.py + src/flag_gems/runtime/register.py,true,false,Registered by flag_gems.enable(...)
aten,lerp_.Tensor,aten_python_register,aten -> FlagGems Python register (Triton/backend-specific implementation),src/flag_gems/__init__.py + src/flag_gems/runtime/register.py,true,false,Registered by flag_gems.enable(...)
aten,linalg_vector_norm,aten_python_register,aten -> FlagGems Python register (Triton/backend-specific implementation),src/flag_gems/__init__.py + src/flag_gems/runtime/register.py,true,false,Registered by flag_gems.enable(...)
aten,linspace,aten_python_register,aten -> FlagGems Python register (Triton/backend-specific implementation),src/flag_gems/__init__.py + src/flag_gems/runtime/register.py,true,false,Registered by flag_gems.enable(...)
aten,log,aten_python_register,aten -> FlagGems Python register (Triton/backend-specific implementation),src/flag_gems/__init__.py + src/flag_gems/runtime/register.py,true,false,Registered by flag_gems.enable(...)
aten,log_sigmoid,aten_python_register,aten -> FlagGems Python register (Triton/backend-specific implementation),src/flag_gems/__init__.py + src/flag_gems/runtime/register.py,true,false,Registered by flag_gems.enable(...)
aten,logical_and,aten_python_register,aten -> FlagGems Python register (Triton/backend-specific implementation),src/flag_gems/__init__.py + src/flag_gems/runtime/register.py,true,false,Registered by flag_gems.enable(...)
aten,logical_and_,aten_python_register,aten -> FlagGems Python register (Triton/backend-specific implementation),src/flag_gems/__init__.py + src/flag_gems/runtime/register.py,true,false,Registered by flag_gems.enable(...)
aten,logical_not,aten_python_register,aten -> FlagGems Python register (Triton/backend-specific implementation),src/flag_gems/__init__.py + src/flag_gems/runtime/register.py,true,false,Registered by flag_gems.enable(...)
aten,logical_or,aten_python_register,aten -> FlagGems Python register (Triton/backend-specific implementation),src/flag_gems/__init__.py + src/flag_gems/runtime/register.py,true,false,Registered by flag_gems.enable(...)
aten,logical_or_,aten_python_register,aten -> FlagGems Python register (Triton/backend-specific implementation),src/flag_gems/__init__.py + src/flag_gems/runtime/register.py,true,false,Registered by flag_gems.enable(...)
aten,logical_xor,aten_python_register,aten -> FlagGems Python register (Triton/backend-specific implementation),src/flag_gems/__init__.py + src/flag_gems/runtime/register.py,true,false,Registered by flag_gems.enable(...)
aten,logspace,aten_python_register,aten -> FlagGems Python register (Triton/backend-specific implementation),src/flag_gems/__init__.py + src/flag_gems/runtime/register.py,true,false,Registered by flag_gems.enable(...)
aten,lt.Scalar,aten_python_register,aten -> FlagGems Python register (Triton/backend-specific implementation),src/flag_gems/__init__.py + src/flag_gems/runtime/register.py,true,false,Registered by flag_gems.enable(...)
aten,lt.Tensor,aten_python_register,aten -> FlagGems Python register (Triton/backend-specific implementation),src/flag_gems/__init__.py + src/flag_gems/runtime/register.py,true,false,Registered by flag_gems.enable(...)
aten,masked_fill.Scalar,aten_python_register,aten -> FlagGems Python register (Triton/backend-specific implementation),src/flag_gems/__init__.py + src/flag_gems/runtime/register.py,true,false,Registered by flag_gems.enable(...)
aten,masked_fill.Tensor,aten_python_register,aten -> FlagGems Python register (Triton/backend-specific implementation),src/flag_gems/__init__.py + src/flag_gems/runtime/register.py,true,false,Registered by flag_gems.enable(...)
aten,masked_fill_.Scalar,aten_python_register,aten -> FlagGems Python register (Triton/backend-specific implementation),src/flag_gems/__init__.py + src/flag_gems/runtime/register.py,true,false,Registered by flag_gems.enable(...)
aten,masked_fill_.Tensor,aten_python_register,aten -> FlagGems Python register (Triton/backend-specific implementation),src/flag_gems/__init__.py + src/flag_gems/runtime/register.py,true,false,Registered by flag_gems.enable(...)
aten,masked_scatter,aten_python_register,aten -> FlagGems Python register (Triton/backend-specific implementation),src/flag_gems/__init__.py + src/flag_gems/runtime/register.py,true,false,Registered by flag_gems.enable(...)
aten,masked_scatter_,aten_python_register,aten -> FlagGems Python register (Triton/backend-specific implementation),src/flag_gems/__init__.py + src/flag_gems/runtime/register.py,true,false,Registered by flag_gems.enable(...)
aten,masked_select,aten_python_register,aten -> FlagGems Python register (Triton/backend-specific implementation),src/flag_gems/__init__.py + src/flag_gems/runtime/register.py,true,false,Registered by flag_gems.enable(...)
aten,max,aten_patch_cpp,aten -> FlagGems C++ aten_patch (CUDA),src/flag_gems/csrc/aten_patch.cpp,true,false,"If also in _FULL_CONFIG, Python registration is excluded by cpp_patched_ops"
aten,max.dim,aten_patch_cpp,aten -> FlagGems C++ aten_patch (CUDA),src/flag_gems/csrc/aten_patch.cpp,true,false,"If also in _FULL_CONFIG, Python registration is excluded by cpp_patched_ops"
aten,max.dim_max,aten_patch_cpp,aten -> FlagGems C++ aten_patch (CUDA),src/flag_gems/csrc/aten_patch.cpp,false,false,"If also in _FULL_CONFIG, Python registration is excluded by cpp_patched_ops"
aten,max_pool2d_backward,aten_python_register,aten -> FlagGems Python register (Triton/backend-specific implementation),src/flag_gems/__init__.py + src/flag_gems/runtime/register.py,true,false,Registered by flag_gems.enable(...)
aten,max_pool2d_with_indices,aten_python_register,aten -> FlagGems Python register (Triton/backend-specific implementation),src/flag_gems/__init__.py + src/flag_gems/runtime/register.py,true,false,Registered by flag_gems.enable(...)
aten,maximum,aten_python_register,aten -> FlagGems Python register (Triton/backend-specific implementation),src/flag_gems/__init__.py + src/flag_gems/runtime/register.py,true,false,Registered by flag_gems.enable(...)
aten,mean,aten_python_register,aten -> FlagGems Python register (Triton/backend-specific implementation),src/flag_gems/__init__.py + src/flag_gems/runtime/register.py,true,false,Registered by flag_gems.enable(...)
aten,mean.dim,aten_python_register,aten -> FlagGems Python register (Triton/backend-specific implementation),src/flag_gems/__init__.py + src/flag_gems/runtime/register.py,true,false,Registered by flag_gems.enable(...)
aten,min,aten_python_register,aten -> FlagGems Python register (Triton/backend-specific implementation),src/flag_gems/__init__.py + src/flag_gems/runtime/register.py,true,false,Registered by flag_gems.enable(...)
aten,min.dim,aten_python_register,aten -> FlagGems Python register (Triton/backend-specific implementation),src/flag_gems/__init__.py + src/flag_gems/runtime/register.py,true,false,Registered by flag_gems.enable(...)
aten,minimum,aten_python_register,aten -> FlagGems Python register (Triton/backend-specific implementation),src/flag_gems/__init__.py + src/flag_gems/runtime/register.py,true,false,Registered by flag_gems.enable(...)
aten,mm,aten_python_register,aten -> FlagGems Python register (Triton/backend-specific implementation),src/flag_gems/__init__.py + src/flag_gems/runtime/register.py,true,true,Registered by flag_gems.enable(...)
aten,mm.out,aten_python_register,aten -> FlagGems Python register (Triton/backend-specific implementation),src/flag_gems/__init__.py + src/flag_gems/runtime/register.py,true,true,Registered by flag_gems.enable(...)
aten,mse_loss,aten_python_register,aten -> FlagGems Python register (Triton/backend-specific implementation),src/flag_gems/__init__.py + src/flag_gems/runtime/register.py,true,false,Registered by flag_gems.enable(...)
aten,mul.Tensor,aten_python_register,aten -> FlagGems Python register (Triton/backend-specific implementation),src/flag_gems/__init__.py + src/flag_gems/runtime/register.py,true,false,Registered by flag_gems.enable(...)
aten,mul_.Tensor,aten_python_register,aten -> FlagGems Python register (Triton/backend-specific implementation),src/flag_gems/__init__.py + src/flag_gems/runtime/register.py,true,false,Registered by flag_gems.enable(...)
aten,multinomial,aten_python_register,aten -> FlagGems Python register (Triton/backend-specific implementation),src/flag_gems/__init__.py + src/flag_gems/runtime/register.py,true,false,Registered by flag_gems.enable(...)
aten,mv,aten_python_register,aten -> FlagGems Python register (Triton/backend-specific implementation),src/flag_gems/__init__.py + src/flag_gems/runtime/register.py,true,false,Registered by flag_gems.enable(...)
aten,nan_to_num,aten_python_register,aten -> FlagGems Python register (Triton/backend-specific implementation),src/flag_gems/__init__.py + src/flag_gems/runtime/register.py,true,false,Registered by flag_gems.enable(...)
aten,native_batch_norm,aten_python_register,aten -> FlagGems Python register (Triton/backend-specific implementation),src/flag_gems/__init__.py + src/flag_gems/runtime/register.py,true,false,Registered by flag_gems.enable(...)
aten,native_batch_norm_backward,aten_python_register,aten -> FlagGems Python register (Triton/backend-specific implementation),src/flag_gems/__init__.py + src/flag_gems/runtime/register.py,true,false,Registered by flag_gems.enable(...)
aten,native_dropout,aten_python_register,aten -> FlagGems Python register (Triton/backend-specific implementation),src/flag_gems/__init__.py + src/flag_gems/runtime/register.py,true,false,Registered by flag_gems.enable(...)
aten,native_dropout_backward,aten_python_register,aten -> FlagGems Python register (Triton/backend-specific implementation),src/flag_gems/__init__.py + src/flag_gems/runtime/register.py,true,false,Registered by flag_gems.enable(...)
aten,native_group_norm,aten_python_register,aten -> FlagGems Python register (Triton/backend-specific implementation),src/flag_gems/__init__.py + src/flag_gems/runtime/register.py,true,false,Registered by flag_gems.enable(...)
aten,native_group_norm_backward,aten_python_register,aten -> FlagGems Python register (Triton/backend-specific implementation),src/flag_gems/__init__.py + src/flag_gems/runtime/register.py,true,false,Registered by flag_gems.enable(...)
aten,native_layer_norm,aten_python_register,aten -> FlagGems Python register (Triton/backend-specific implementation),src/flag_gems/__init__.py + src/flag_gems/runtime/register.py,true,false,Registered by flag_gems.enable(...)
aten,native_layer_norm_backward,aten_python_register,aten -> FlagGems Python register (Triton/backend-specific implementation),src/flag_gems/__init__.py + src/flag_gems/runtime/register.py,true,false,Registered by flag_gems.enable(...)
aten,ne.Scalar,aten_python_register,aten -> FlagGems Python register (Triton/backend-specific implementation),src/flag_gems/__init__.py + src/flag_gems/runtime/register.py,true,false,Registered by flag_gems.enable(...)
aten,ne.Tensor,aten_python_register,aten -> FlagGems Python register (Triton/backend-specific implementation),src/flag_gems/__init__.py + src/flag_gems/runtime/register.py,true,false,Registered by flag_gems.enable(...)
aten,neg,aten_python_register,aten -> FlagGems Python register (Triton/backend-specific implementation),src/flag_gems/__init__.py + src/flag_gems/runtime/register.py,true,false,Registered by flag_gems.enable(...)
aten,neg_,aten_python_register,aten -> FlagGems Python register (Triton/backend-specific implementation),src/flag_gems/__init__.py + src/flag_gems/runtime/register.py,true,false,Registered by flag_gems.enable(...)
aten,nll_loss2d_backward,aten_python_register,aten -> FlagGems Python register (Triton/backend-specific implementation),src/flag_gems/__init__.py + src/flag_gems/runtime/register.py,true,false,Registered by flag_gems.enable(...)
aten,nll_loss2d_forward,aten_python_register,aten -> FlagGems Python register (Triton/backend-specific implementation),src/flag_gems/__init__.py + src/flag_gems/runtime/register.py,true,false,Registered by flag_gems.enable(...)
aten,nll_loss_backward,aten_python_register,aten -> FlagGems Python register (Triton/backend-specific implementation),src/flag_gems/__init__.py + src/flag_gems/runtime/register.py,true,false,Registered by flag_gems.enable(...)
aten,nll_loss_forward,aten_python_register,aten -> FlagGems Python register (Triton/backend-specific implementation),src/flag_gems/__init__.py + src/flag_gems/runtime/register.py,true,false,Registered by flag_gems.enable(...)
aten,nonzero,aten_python_register,aten -> FlagGems Python register (Triton/backend-specific implementation),src/flag_gems/__init__.py + src/flag_gems/runtime/register.py,true,false,Registered by flag_gems.enable(...)
aten,normal.Tensor_Tensor,aten_python_register,aten -> FlagGems Python register (Triton/backend-specific implementation),src/flag_gems/__init__.py + src/flag_gems/runtime/register.py,true,false,Registered by flag_gems.enable(...)
aten,normal.Tensor_float,aten_python_register,aten -> FlagGems Python register (Triton/backend-specific implementation),src/flag_gems/__init__.py + src/flag_gems/runtime/register.py,true,false,Registered by flag_gems.enable(...)
aten,normal.float_Tensor,aten_python_register,aten -> FlagGems Python register (Triton/backend-specific implementation),src/flag_gems/__init__.py + src/flag_gems/runtime/register.py,true,false,Registered by flag_gems.enable(...)
aten,normal_,aten_python_register,aten -> FlagGems Python register (Triton/backend-specific implementation),src/flag_gems/__init__.py + src/flag_gems/runtime/register.py,true,false,Registered by flag_gems.enable(...)
aten,one_hot,aten_python_register,aten -> FlagGems Python register (Triton/backend-specific implementation),src/flag_gems/__init__.py + src/flag_gems/runtime/register.py,true,false,Registered by flag_gems.enable(...)
aten,ones,aten_python_register,aten -> FlagGems Python register (Triton/backend-specific implementation),src/flag_gems/__init__.py + src/flag_gems/runtime/register.py,true,false,Registered by flag_gems.enable(...)
aten,ones_like,aten_python_register,aten -> FlagGems Python register (Triton/backend-specific implementation),src/flag_gems/__init__.py + src/flag_gems/runtime/register.py,true,false,Registered by flag_gems.enable(...)
aten,pad,aten_python_register,aten -> FlagGems Python register (Triton/backend-specific implementation),src/flag_gems/__init__.py + src/flag_gems/runtime/register.py,true,false,Registered by flag_gems.enable(...)
aten,polar,aten_python_register,aten -> FlagGems Python register (Triton/backend-specific implementation),src/flag_gems/__init__.py + src/flag_gems/runtime/register.py,true,false,Registered by flag_gems.enable(...)
aten,pow.Scalar,aten_python_register,aten -> FlagGems Python register (Triton/backend-specific implementation),src/flag_gems/__init__.py + src/flag_gems/runtime/register.py,true,false,Registered by flag_gems.enable(...)
aten,pow.Tensor_Scalar,aten_python_register,aten -> FlagGems Python register (Triton/backend-specific implementation),src/flag_gems/__init__.py + src/flag_gems/runtime/register.py,true,false,Registered by flag_gems.enable(...)
aten,pow.Tensor_Tensor,aten_python_register,aten -> FlagGems Python register (Triton/backend-specific implementation),src/flag_gems/__init__.py + src/flag_gems/runtime/register.py,true,false,Registered by flag_gems.enable(...)
aten,pow_.Scalar,aten_python_register,aten -> FlagGems Python register (Triton/backend-specific implementation),src/flag_gems/__init__.py + src/flag_gems/runtime/register.py,true,false,Registered by flag_gems.enable(...)
aten,pow_.Tensor,aten_python_register,aten -> FlagGems Python register (Triton/backend-specific implementation),src/flag_gems/__init__.py + src/flag_gems/runtime/register.py,true,false,Registered by flag_gems.enable(...)
aten,prod,aten_python_register,aten -> FlagGems Python register (Triton/backend-specific implementation),src/flag_gems/__init__.py + src/flag_gems/runtime/register.py,true,false,Registered by flag_gems.enable(...)
aten,prod.dim_int,aten_python_register,aten -> FlagGems Python register (Triton/backend-specific implementation),src/flag_gems/__init__.py + src/flag_gems/runtime/register.py,true,false,Registered by flag_gems.enable(...)
aten,quantile,aten_python_register,aten -> FlagGems Python register (Triton/backend-specific implementation),src/flag_gems/__init__.py + src/flag_gems/runtime/register.py,true,true,Registered by flag_gems.enable(...)
aten,rand,aten_python_register,aten -> FlagGems Python register (Triton/backend-specific implementation),src/flag_gems/__init__.py + src/flag_gems/runtime/register.py,true,false,Registered by flag_gems.enable(...)
aten,rand_like,aten_python_register,aten -> FlagGems Python register (Triton/backend-specific implementation),src/flag_gems/__init__.py + src/flag_gems/runtime/register.py,true,false,Registered by flag_gems.enable(...)
aten,randn,aten_python_register,aten -> FlagGems Python register (Triton/backend-specific implementation),src/flag_gems/__init__.py + src/flag_gems/runtime/register.py,true,false,Registered by flag_gems.enable(...)
aten,randn_like,aten_python_register,aten -> FlagGems Python register (Triton/backend-specific implementation),src/flag_gems/__init__.py + src/flag_gems/runtime/register.py,true,false,Registered by flag_gems.enable(...)
aten,randperm,aten_python_register,aten -> FlagGems Python register (Triton/backend-specific implementation),src/flag_gems/__init__.py + src/flag_gems/runtime/register.py,true,false,Registered by flag_gems.enable(...)
aten,reciprocal,aten_python_register,aten -> FlagGems Python register (Triton/backend-specific implementation),src/flag_gems/__init__.py + src/flag_gems/runtime/register.py,true,false,Registered by flag_gems.enable(...)
aten,reciprocal_,aten_python_register,aten -> FlagGems Python register (Triton/backend-specific implementation),src/flag_gems/__init__.py + src/flag_gems/runtime/register.py,true,false,Registered by flag_gems.enable(...)
aten,relu,aten_python_register,aten -> FlagGems Python register (Triton/backend-specific implementation),src/flag_gems/__init__.py + src/flag_gems/runtime/register.py,true,false,Registered by flag_gems.enable(...)
aten,relu_,aten_python_register,aten -> FlagGems Python register (Triton/backend-specific implementation),src/flag_gems/__init__.py + src/flag_gems/runtime/register.py,true,false,Registered by flag_gems.enable(...)
aten,remainder.Scalar,aten_python_register,aten -> FlagGems Python register (Triton/backend-specific implementation),src/flag_gems/__init__.py + src/flag_gems/runtime/register.py,true,false,Registered by flag_gems.enable(...)
aten,remainder.Scalar_Tensor,aten_python_register,aten -> FlagGems Python register (Triton/backend-specific implementation),src/flag_gems/__init__.py + src/flag_gems/runtime/register.py,true,false,Registered by flag_gems.enable(...)
aten,remainder.Tensor,aten_python_register,aten -> FlagGems Python register (Triton/backend-specific implementation),src/flag_gems/__init__.py + src/flag_gems/runtime/register.py,true,false,Registered by flag_gems.enable(...)
aten,remainder_.Scalar,aten_python_register,aten -> FlagGems Python register (Triton/backend-specific implementation),src/flag_gems/__init__.py + src/flag_gems/runtime/register.py,true,false,Registered by flag_gems.enable(...)
aten,remainder_.Tensor,aten_python_register,aten -> FlagGems Python register (Triton/backend-specific implementation),src/flag_gems/__init__.py + src/flag_gems/runtime/register.py,true,false,Registered by flag_gems.enable(...)
aten,repeat,aten_python_register,aten -> FlagGems Python register (Triton/backend-specific implementation),src/flag_gems/__init__.py + src/flag_gems/runtime/register.py,true,false,Registered by flag_gems.enable(...)
aten,repeat_interleave.Tensor,aten_python_register,aten -> FlagGems Python register (Triton/backend-specific implementation),src/flag_gems/__init__.py + src/flag_gems/runtime/register.py,true,false,Registered by flag_gems.enable(...)
aten,repeat_interleave.self_Tensor,aten_python_register,aten -> FlagGems Python register (Triton/backend-specific implementation),src/flag_gems/__init__.py + src/flag_gems/runtime/register.py,true,false,Registered by flag_gems.enable(...)
aten,repeat_interleave.self_int,aten_python_register,aten -> FlagGems Python register (Triton/backend-specific implementation),src/flag_gems/__init__.py + src/flag_gems/runtime/register.py,true,false,Registered by flag_gems.enable(...)
aten,resolve_conj,aten_python_register,aten -> FlagGems Python register (Triton/backend-specific implementation),src/flag_gems/__init__.py + src/flag_gems/runtime/register.py,true,false,Registered by flag_gems.enable(...)
aten,resolve_neg,aten_python_register,aten -> FlagGems Python register (Triton/backend-specific implementation),src/flag_gems/__init__.py + src/flag_gems/runtime/register.py,true,false,Registered by flag_gems.enable(...)
aten,rms_norm,aten_python_register,aten -> FlagGems Python register (Triton/backend-specific implementation),src/flag_gems/__init__.py + src/flag_gems/runtime/register.py,true,false,Registered by flag_gems.enable(...)
aten,rsqrt,aten_python_register,aten -> FlagGems Python register (Triton/backend-specific implementation),src/flag_gems/__init__.py + src/flag_gems/runtime/register.py,true,false,Registered by flag_gems.enable(...)
aten,rsqrt_,aten_python_register,aten -> FlagGems Python register (Triton/backend-specific implementation),src/flag_gems/__init__.py + src/flag_gems/runtime/register.py,true,false,Registered by flag_gems.enable(...)
aten,scaled_softmax_backward,aten_python_register,aten -> FlagGems Python register (Triton/backend-specific implementation),src/flag_gems/__init__.py + src/flag_gems/runtime/register.py,true,false,Registered by flag_gems.enable(...)
aten,scaled_softmax_forward,aten_python_register,aten -> FlagGems Python register (Triton/backend-specific implementation),src/flag_gems/__init__.py + src/flag_gems/runtime/register.py,true,false,Registered by flag_gems.enable(...)
aten,scatter.reduce,aten_python_register,aten -> FlagGems Python register (Triton/backend-specific implementation),src/flag_gems/__init__.py + src/flag_gems/runtime/register.py,true,false,Registered by flag_gems.enable(...)
aten,scatter.src,aten_python_register,aten -> FlagGems Python register (Triton/backend-specific implementation),src/flag_gems/__init__.py + src/flag_gems/runtime/register.py,true,false,Registered by flag_gems.enable(...)
aten,scatter_.reduce,aten_python_register,aten -> FlagGems Python register (Triton/backend-specific implementation),src/flag_gems/__init__.py + src/flag_gems/runtime/register.py,true,false,Registered by flag_gems.enable(...)
aten,scatter_.src,aten_python_register,aten -> FlagGems Python register (Triton/backend-specific implementation),src/flag_gems/__init__.py + src/flag_gems/runtime/register.py,true,false,Registered by flag_gems.enable(...)
aten,scatter_add_,aten_python_register,aten -> FlagGems Python register (Triton/backend-specific implementation),src/flag_gems/__init__.py + src/flag_gems/runtime/register.py,true,false,Registered by flag_gems.enable(...)
aten,select_scatter,aten_python_register,aten -> FlagGems Python register (Triton/backend-specific implementation),src/flag_gems/__init__.py + src/flag_gems/runtime/register.py,true,false,Registered by flag_gems.enable(...)
aten,sigmoid,aten_python_register,aten -> FlagGems Python register (Triton/backend-specific implementation),src/flag_gems/__init__.py + src/flag_gems/runtime/register.py,true,false,Registered by flag_gems.enable(...)
aten,sigmoid_,aten_python_register,aten -> FlagGems Python register (Triton/backend-specific implementation),src/flag_gems/__init__.py + src/flag_gems/runtime/register.py,true,false,Registered by flag_gems.enable(...)
aten,sigmoid_backward,aten_python_register,aten -> FlagGems Python register (Triton/backend-specific implementation),src/flag_gems/__init__.py + src/flag_gems/runtime/register.py,true,false,Registered by flag_gems.enable(...)
aten,silu,aten_python_register,aten -> FlagGems Python register (Triton/backend-specific implementation),src/flag_gems/__init__.py + src/flag_gems/runtime/register.py,true,false,Registered by flag_gems.enable(...)
aten,silu_,aten_python_register,aten -> FlagGems Python register (Triton/backend-specific implementation),src/flag_gems/__init__.py + src/flag_gems/runtime/register.py,true,false,Registered by flag_gems.enable(...)
aten,silu_backward,aten_python_register,aten -> FlagGems Python register (Triton/backend-specific implementation),src/flag_gems/__init__.py + src/flag_gems/runtime/register.py,true,false,Registered by flag_gems.enable(...)
aten,sin,aten_python_register,aten -> FlagGems Python register (Triton/backend-specific implementation),src/flag_gems/__init__.py + src/flag_gems/runtime/register.py,true,false,Registered by flag_gems.enable(...)
aten,sin_,aten_python_register,aten -> FlagGems Python register (Triton/backend-specific implementation),src/flag_gems/__init__.py + src/flag_gems/runtime/register.py,true,false,Registered by flag_gems.enable(...)
aten,slice_scatter,aten_python_register,aten -> FlagGems Python register (Triton/backend-specific implementation),src/flag_gems/__init__.py + src/flag_gems/runtime/register.py,true,false,Registered by flag_gems.enable(...)
aten,softplus,aten_python_register,aten -> FlagGems Python register (Triton/backend-specific implementation),src/flag_gems/__init__.py + src/flag_gems/runtime/register.py,true,false,Registered by flag_gems.enable(...)
aten,sort,aten_python_register,aten -> FlagGems Python register (Triton/backend-specific implementation),src/flag_gems/__init__.py + src/flag_gems/runtime/register.py,true,false,Registered by flag_gems.enable(...)
aten,sort.stable,aten_python_register,aten -> FlagGems Python register (Triton/backend-specific implementation),src/flag_gems/__init__.py + src/flag_gems/runtime/register.py,true,false,Registered by flag_gems.enable(...)
aten,sqrt,aten_python_register,aten -> FlagGems Python register (Triton/backend-specific implementation),src/flag_gems/__init__.py + src/flag_gems/runtime/register.py,true,false,Registered by flag_gems.enable(...)
aten,sqrt_,aten_python_register,aten -> FlagGems Python register (Triton/backend-specific implementation),src/flag_gems/__init__.py + src/flag_gems/runtime/register.py,true,false,Registered by flag_gems.enable(...)
aten,stack,aten_python_register,aten -> FlagGems Python register (Triton/backend-specific implementation),src/flag_gems/__init__.py + src/flag_gems/runtime/register.py,true,false,Registered by flag_gems.enable(...)
aten,std.correction,aten_python_register,aten -> FlagGems Python register (Triton/backend-specific implementation),src/flag_gems/__init__.py + src/flag_gems/runtime/register.py,true,false,Registered by flag_gems.enable(...)
aten,sub.Tensor,aten_python_register,aten -> FlagGems Python register (Triton/backend-specific implementation),src/flag_gems/__init__.py + src/flag_gems/runtime/register.py,true,false,Registered by flag_gems.enable(...)
aten,sub_.Tensor,aten_python_register,aten -> FlagGems Python register (Triton/backend-specific implementation),src/flag_gems/__init__.py + src/flag_gems/runtime/register.py,true,false,Registered by flag_gems.enable(...)
aten,sum,aten_patch_cpp,aten -> FlagGems C++ aten_patch (CUDA),src/flag_gems/csrc/aten_patch.cpp,true,false,"If also in _FULL_CONFIG, Python registration is excluded by cpp_patched_ops"
aten,sum.IntList_out,aten_python_register,aten -> FlagGems Python register (Triton/backend-specific implementation),src/flag_gems/__init__.py + src/flag_gems/runtime/register.py,true,false,Registered by flag_gems.enable(...)
aten,sum.dim_IntList,aten_python_register,aten -> FlagGems Python register (Triton/backend-specific implementation),src/flag_gems/__init__.py + src/flag_gems/runtime/register.py,true,false,Registered by flag_gems.enable(...)
aten,sum.out,aten_python_register,aten -> FlagGems Python register (Triton/backend-specific implementation),src/flag_gems/__init__.py + src/flag_gems/runtime/register.py,true,false,Registered by flag_gems.enable(...)
aten,tan,aten_python_register,aten -> FlagGems Python register (Triton/backend-specific implementation),src/flag_gems/__init__.py + src/flag_gems/runtime/register.py,true,false,Registered by flag_gems.enable(...)
aten,tan_,aten_python_register,aten -> FlagGems Python register (Triton/backend-specific implementation),src/flag_gems/__init__.py + src/flag_gems/runtime/register.py,true,false,Registered by flag_gems.enable(...)
aten,tanh,aten_python_register,aten -> FlagGems Python register (Triton/backend-specific implementation),src/flag_gems/__init__.py + src/flag_gems/runtime/register.py,true,false,Registered by flag_gems.enable(...)
aten,tanh_,aten_python_register,aten -> FlagGems Python register (Triton/backend-specific implementation),src/flag_gems/__init__.py + src/flag_gems/runtime/register.py,true,false,Registered by flag_gems.enable(...)
aten,tanh_backward,aten_python_register,aten -> FlagGems Python register (Triton/backend-specific implementation),src/flag_gems/__init__.py + src/flag_gems/runtime/register.py,true,false,Registered by flag_gems.enable(...)
aten,threshold,aten_python_register,aten -> FlagGems Python register (Triton/backend-specific implementation),src/flag_gems/__init__.py + src/flag_gems/runtime/register.py,true,false,Registered by flag_gems.enable(...)
aten,threshold_backward,aten_python_register,aten -> FlagGems Python register (Triton/backend-specific implementation),src/flag_gems/__init__.py + src/flag_gems/runtime/register.py,true,false,Registered by flag_gems.enable(...)
aten,tile,aten_python_register,aten -> FlagGems Python register (Triton/backend-specific implementation),src/flag_gems/__init__.py + src/flag_gems/runtime/register.py,true,false,Registered by flag_gems.enable(...)
aten,topk,aten_python_register,aten -> FlagGems Python register (Triton/backend-specific implementation),src/flag_gems/__init__.py + src/flag_gems/runtime/register.py,true,false,Registered by flag_gems.enable(...)
aten,trace,aten_python_register,aten -> FlagGems Python register (Triton/backend-specific implementation),src/flag_gems/__init__.py + src/flag_gems/runtime/register.py,true,false,Registered by flag_gems.enable(...)
aten,triu,aten_python_register,aten -> FlagGems Python register (Triton/backend-specific implementation),src/flag_gems/__init__.py + src/flag_gems/runtime/register.py,true,false,Registered by flag_gems.enable(...)
aten,triu_,aten_python_register,aten -> FlagGems Python register (Triton/backend-specific implementation),src/flag_gems/__init__.py + src/flag_gems/runtime/register.py,true,false,Registered by flag_gems.enable(...)
aten,true_divide.Scalar,aten_python_register,aten -> FlagGems Python register (Triton/backend-specific implementation),src/flag_gems/__init__.py + src/flag_gems/runtime/register.py,true,false,Registered by flag_gems.enable(...)
aten,true_divide.Tensor,aten_python_register,aten -> FlagGems Python register (Triton/backend-specific implementation),src/flag_gems/__init__.py + src/flag_gems/runtime/register.py,true,false,Registered by flag_gems.enable(...)
aten,true_divide_.Scalar,aten_python_register,aten -> FlagGems Python register (Triton/backend-specific implementation),src/flag_gems/__init__.py + src/flag_gems/runtime/register.py,true,false,Registered by flag_gems.enable(...)
aten,true_divide_.Tensor,aten_python_register,aten -> FlagGems Python register (Triton/backend-specific implementation),src/flag_gems/__init__.py + src/flag_gems/runtime/register.py,true,false,Registered by flag_gems.enable(...)
aten,uniform_,aten_python_register,aten -> FlagGems Python register (Triton/backend-specific implementation),src/flag_gems/__init__.py + src/flag_gems/runtime/register.py,true,false,Registered by flag_gems.enable(...)
aten,upsample_nearest1d,aten_python_register,aten -> FlagGems Python register (Triton/backend-specific implementation),src/flag_gems/__init__.py + src/flag_gems/runtime/register.py,true,false,Registered by flag_gems.enable(...)
aten,upsample_nearest2d,aten_python_register,aten -> FlagGems Python register (Triton/backend-specific implementation),src/flag_gems/__init__.py + src/flag_gems/runtime/register.py,true,false,Registered by flag_gems.enable(...)
aten,var_mean.correction,aten_python_register,aten -> FlagGems Python register (Triton/backend-specific implementation),src/flag_gems/__init__.py + src/flag_gems/runtime/register.py,true,false,Registered by flag_gems.enable(...)
aten,vdot,aten_python_register,aten -> FlagGems Python register (Triton/backend-specific implementation),src/flag_gems/__init__.py + src/flag_gems/runtime/register.py,true,false,Registered by flag_gems.enable(...)
aten,vstack,aten_python_register,aten -> FlagGems Python register (Triton/backend-specific implementation),src/flag_gems/__init__.py + src/flag_gems/runtime/register.py,true,false,Registered by flag_gems.enable(...)
aten,where.ScalarOther,aten_python_register,aten -> FlagGems Python register (Triton/backend-specific implementation),src/flag_gems/__init__.py + src/flag_gems/runtime/register.py,true,false,Registered by flag_gems.enable(...)
aten,where.ScalarSelf,aten_python_register,aten -> FlagGems Python register (Triton/backend-specific implementation),src/flag_gems/__init__.py + src/flag_gems/runtime/register.py,true,false,Registered by flag_gems.enable(...)
aten,where.self,aten_python_register,aten -> FlagGems Python register (Triton/backend-specific implementation),src/flag_gems/__init__.py + src/flag_gems/runtime/register.py,true,false,Registered by flag_gems.enable(...)
aten,where.self_out,aten_python_register,aten -> FlagGems Python register (Triton/backend-specific implementation),src/flag_gems/__init__.py + src/flag_gems/runtime/register.py,true,false,Registered by flag_gems.enable(...)
aten,zero_,aten_python_register,aten -> FlagGems Python register (Triton/backend-specific implementation),src/flag_gems/__init__.py + src/flag_gems/runtime/register.py,true,false,Registered by flag_gems.enable(...)
aten,zeros,aten_patch_cpp,aten -> FlagGems C++ aten_patch (CUDA),src/flag_gems/csrc/aten_patch.cpp,true,false,"If also in _FULL_CONFIG, Python registration is excluded by cpp_patched_ops"
aten,zeros_like,aten_python_register,aten -> FlagGems Python register (Triton/backend-specific implementation),src/flag_gems/__init__.py + src/flag_gems/runtime/register.py,true,false,Registered by flag_gems.enable(...)
flag_gems,flag_gems::add_tensor,custom_cuda_cxx,flag_gems namespace custom op -> CUDA C++ extension,src/flag_gems/csrc/cstub.cpp,false,false,Requires USE_C_EXTENSION build/runtime availability
flag_gems,flag_gems::addmm,custom_cuda_cxx,flag_gems namespace custom op -> CUDA C++ extension,src/flag_gems/csrc/cstub.cpp,false,true,Requires USE_C_EXTENSION build/runtime availability
flag_gems,flag_gems::argmax,custom_cuda_cxx,flag_gems namespace custom op -> CUDA C++ extension,src/flag_gems/csrc/cstub.cpp,false,false,Requires USE_C_EXTENSION build/runtime availability
flag_gems,flag_gems::bmm,custom_cuda_cxx,flag_gems namespace custom op -> CUDA C++ extension,src/flag_gems/csrc/cstub.cpp,false,true,Requires USE_C_EXTENSION build/runtime availability
flag_gems,flag_gems::cat,custom_cuda_cxx,flag_gems namespace custom op -> CUDA C++ extension,src/flag_gems/csrc/cstub.cpp,false,false,Requires USE_C_EXTENSION build/runtime availability
flag_gems,flag_gems::contiguous,custom_cuda_cxx,flag_gems namespace custom op -> CUDA C++ extension,src/flag_gems/csrc/cstub.cpp,false,false,Requires USE_C_EXTENSION build/runtime availability
flag_gems,flag_gems::copy_,custom_cuda_cxx,flag_gems namespace custom op -> CUDA C++ extension,src/flag_gems/csrc/cstub.cpp,false,false,Requires USE_C_EXTENSION build/runtime availability
flag_gems,flag_gems::div.Scalar,custom_cuda_cxx,flag_gems namespace custom op -> CUDA C++ extension,src/flag_gems/csrc/cstub.cpp,false,false,Requires USE_C_EXTENSION build/runtime availability
flag_gems,flag_gems::div.Scalar_mode,custom_cuda_cxx,flag_gems namespace custom op -> CUDA C++ extension,src/flag_gems/csrc/cstub.cpp,false,false,Requires USE_C_EXTENSION build/runtime availability
flag_gems,flag_gems::div.Tensor,custom_cuda_cxx,flag_gems namespace custom op -> CUDA C++ extension,src/flag_gems/csrc/cstub.cpp,false,false,Requires USE_C_EXTENSION build/runtime availability
flag_gems,flag_gems::div.Tensor_mode,custom_cuda_cxx,flag_gems namespace custom op -> CUDA C++ extension,src/flag_gems/csrc/cstub.cpp,false,false,Requires USE_C_EXTENSION build/runtime availability
flag_gems,flag_gems::div_.Scalar,custom_cuda_cxx,flag_gems namespace custom op -> CUDA C++ extension,src/flag_gems/csrc/cstub.cpp,false,false,Requires USE_C_EXTENSION build/runtime availability
flag_gems,flag_gems::div_.Scalar_mode,custom_cuda_cxx,flag_gems namespace custom op -> CUDA C++ extension,src/flag_gems/csrc/cstub.cpp,false,false,Requires USE_C_EXTENSION build/runtime availability
flag_gems,flag_gems::div_.Tensor,custom_cuda_cxx,flag_gems namespace custom op -> CUDA C++ extension,src/flag_gems/csrc/cstub.cpp,false,false,Requires USE_C_EXTENSION build/runtime availability
flag_gems,flag_gems::div_.Tensor_mode,custom_cuda_cxx,flag_gems namespace custom op -> CUDA C++ extension,src/flag_gems/csrc/cstub.cpp,false,false,Requires USE_C_EXTENSION build/runtime availability
flag_gems,flag_gems::divide.Scalar,custom_cuda_cxx,flag_gems namespace custom op -> CUDA C++ extension,src/flag_gems/csrc/cstub.cpp,false,false,Requires USE_C_EXTENSION build/runtime availability
flag_gems,flag_gems::divide.Scalar_mode,custom_cuda_cxx,flag_gems namespace custom op -> CUDA C++ extension,src/flag_gems/csrc/cstub.cpp,false,false,Requires USE_C_EXTENSION build/runtime availability
flag_gems,flag_gems::divide.Tensor,custom_cuda_cxx,flag_gems namespace custom op -> CUDA C++ extension,src/flag_gems/csrc/cstub.cpp,false,false,Requires USE_C_EXTENSION build/runtime availability
flag_gems,flag_gems::divide.Tensor_mode,custom_cuda_cxx,flag_gems namespace custom op -> CUDA C++ extension,src/flag_gems/csrc/cstub.cpp,false,false,Requires USE_C_EXTENSION build/runtime availability
flag_gems,flag_gems::divide_.Scalar,custom_cuda_cxx,flag_gems namespace custom op -> CUDA C++ extension,src/flag_gems/csrc/cstub.cpp,false,false,Requires USE_C_EXTENSION build/runtime availability
flag_gems,flag_gems::divide_.Scalar_mode,custom_cuda_cxx,flag_gems namespace custom op -> CUDA C++ extension,src/flag_gems/csrc/cstub.cpp,false,false,Requires USE_C_EXTENSION build/runtime availability
flag_gems,flag_gems::divide_.Tensor,custom_cuda_cxx,flag_gems namespace custom op -> CUDA C++ extension,src/flag_gems/csrc/cstub.cpp,false,false,Requires USE_C_EXTENSION build/runtime availability
flag_gems,flag_gems::divide_.Tensor_mode,custom_cuda_cxx,flag_gems namespace custom op -> CUDA C++ extension,src/flag_gems/csrc/cstub.cpp,false,false,Requires USE_C_EXTENSION build/runtime availability
flag_gems,flag_gems::embedding,custom_cuda_cxx,flag_gems namespace custom op -> CUDA C++ extension,src/flag_gems/csrc/cstub.cpp,false,false,Requires USE_C_EXTENSION build/runtime availability
flag_gems,flag_gems::embedding_backward,custom_cuda_cxx,flag_gems namespace custom op -> CUDA C++ extension,src/flag_gems/csrc/cstub.cpp,false,false,Requires USE_C_EXTENSION build/runtime availability
flag_gems,flag_gems::exponential_,custom_cuda_cxx,flag_gems namespace custom op -> CUDA C++ extension,src/flag_gems/csrc/cstub.cpp,false,false,Requires USE_C_EXTENSION build/runtime availability
flag_gems,flag_gems::fill.Scalar,custom_cuda_cxx,flag_gems namespace custom op -> CUDA C++ extension,src/flag_gems/csrc/cstub.cpp,false,false,Requires USE_C_EXTENSION build/runtime availability
flag_gems,flag_gems::fill.Tensor,custom_cuda_cxx,flag_gems namespace custom op -> CUDA C++ extension,src/flag_gems/csrc/cstub.cpp,false,false,Requires USE_C_EXTENSION build/runtime availability
flag_gems,flag_gems::fill_.Scalar,custom_cuda_cxx,flag_gems namespace custom op -> CUDA C++ extension,src/flag_gems/csrc/cstub.cpp,false,false,Requires USE_C_EXTENSION build/runtime availability
flag_gems,flag_gems::fill_.Tensor,custom_cuda_cxx,flag_gems namespace custom op -> CUDA C++ extension,src/flag_gems/csrc/cstub.cpp,false,false,Requires USE_C_EXTENSION build/runtime availability
flag_gems,flag_gems::flash_attn_varlen_func,custom_cuda_cxx,flag_gems namespace custom op -> CUDA C++ extension,src/flag_gems/csrc/cstub.cpp,false,false,Requires USE_C_EXTENSION build/runtime availability
flag_gems,flag_gems::floor_divide,custom_cuda_cxx,flag_gems namespace custom op -> CUDA C++ extension,src/flag_gems/csrc/cstub.cpp,false,false,Requires USE_C_EXTENSION build/runtime availability
flag_gems,flag_gems::floor_divide.Scalar,custom_cuda_cxx,flag_gems namespace custom op -> CUDA C++ extension,src/flag_gems/csrc/cstub.cpp,false,false,Requires USE_C_EXTENSION build/runtime availability
flag_gems,flag_gems::floor_divide_.Scalar,custom_cuda_cxx,flag_gems namespace custom op -> CUDA C++ extension,src/flag_gems/csrc/cstub.cpp,false,false,Requires USE_C_EXTENSION build/runtime availability
flag_gems,flag_gems::floor_divide_.Tensor,custom_cuda_cxx,flag_gems namespace custom op -> CUDA C++ extension,src/flag_gems/csrc/cstub.cpp,false,false,Requires USE_C_EXTENSION build/runtime availability
flag_gems,flag_gems::fused_add_rms_norm,custom_cuda_cxx,flag_gems namespace custom op -> CUDA C++ extension,src/flag_gems/csrc/cstub.cpp,false,false,Requires USE_C_EXTENSION build/runtime availability
flag_gems,flag_gems::max,custom_cuda_cxx,flag_gems namespace custom op -> CUDA C++ extension,src/flag_gems/csrc/cstub.cpp,false,false,Requires USE_C_EXTENSION build/runtime availability
flag_gems,flag_gems::max.dim,custom_cuda_cxx,flag_gems namespace custom op -> CUDA C++ extension,src/flag_gems/csrc/cstub.cpp,false,false,Requires USE_C_EXTENSION build/runtime availability
flag_gems,flag_gems::max.dim_max,custom_cuda_cxx,flag_gems namespace custom op -> CUDA C++ extension,src/flag_gems/csrc/cstub.cpp,false,false,Requires USE_C_EXTENSION build/runtime availability
flag_gems,flag_gems::mm,custom_cuda_cxx,flag_gems namespace custom op -> CUDA C++ extension,src/flag_gems/csrc/cstub.cpp,false,true,Requires USE_C_EXTENSION build/runtime availability
flag_gems,flag_gems::nonzero,custom_cuda_cxx,flag_gems namespace custom op -> CUDA C++ extension,src/flag_gems/csrc/cstub.cpp,false,false,Requires USE_C_EXTENSION build/runtime availability
flag_gems,flag_gems::remainder.Scalar,custom_cuda_cxx,flag_gems namespace custom op -> CUDA C++ extension,src/flag_gems/csrc/cstub.cpp,false,false,Requires USE_C_EXTENSION build/runtime availability
flag_gems,flag_gems::remainder.Scalar_Tensor,custom_cuda_cxx,flag_gems namespace custom op -> CUDA C++ extension,src/flag_gems/csrc/cstub.cpp,false,false,Requires USE_C_EXTENSION build/runtime availability
flag_gems,flag_gems::remainder.Tensor,custom_cuda_cxx,flag_gems namespace custom op -> CUDA C++ extension,src/flag_gems/csrc/cstub.cpp,false,false,Requires USE_C_EXTENSION build/runtime availability
flag_gems,flag_gems::remainder_.Scalar,custom_cuda_cxx,flag_gems namespace custom op -> CUDA C++ extension,src/flag_gems/csrc/cstub.cpp,false,false,Requires USE_C_EXTENSION build/runtime availability
flag_gems,flag_gems::remainder_.Tensor,custom_cuda_cxx,flag_gems namespace custom op -> CUDA C++ extension,src/flag_gems/csrc/cstub.cpp,false,false,Requires USE_C_EXTENSION build/runtime availability
flag_gems,flag_gems::reshape_and_cache_flash,custom_cuda_cxx,flag_gems namespace custom op -> CUDA C++ extension,src/flag_gems/csrc/cstub.cpp,false,false,Requires USE_C_EXTENSION build/runtime availability
flag_gems,flag_gems::rms_norm,custom_cuda_cxx,flag_gems namespace custom op -> CUDA C++ extension,src/flag_gems/csrc/cstub.cpp,false,false,Requires USE_C_EXTENSION build/runtime availability
flag_gems,flag_gems::rotary_embedding,custom_cuda_cxx,flag_gems namespace custom op -> CUDA C++ extension,src/flag_gems/csrc/cstub.cpp,false,false,Requires USE_C_EXTENSION build/runtime availability
flag_gems,flag_gems::rotary_embedding_inplace,custom_cuda_cxx,flag_gems namespace custom op -> CUDA C++ extension,src/flag_gems/csrc/cstub.cpp,false,false,Requires USE_C_EXTENSION build/runtime availability
flag_gems,flag_gems::rwkv_ka_fusion,custom_cuda_cxx,flag_gems namespace custom op -> CUDA C++ extension,src/flag_gems/csrc/cstub.cpp,false,false,Requires USE_C_EXTENSION build/runtime availability
flag_gems,flag_gems::rwkv_mm_sparsity,custom_cuda_cxx,flag_gems namespace custom op -> CUDA C++ extension,src/flag_gems/csrc/cstub.cpp,false,true,Requires USE_C_EXTENSION build/runtime availability
flag_gems,flag_gems::softmax,custom_cuda_cxx,flag_gems namespace custom op -> CUDA C++ extension,src/flag_gems/csrc/cstub.cpp,false,false,Requires USE_C_EXTENSION build/runtime availability
flag_gems,flag_gems::softmax_backward,custom_cuda_cxx,flag_gems namespace custom op -> CUDA C++ extension,src/flag_gems/csrc/cstub.cpp,false,false,Requires USE_C_EXTENSION build/runtime availability
flag_gems,flag_gems::sort,custom_cuda_cxx,flag_gems namespace custom op -> CUDA C++ extension,src/flag_gems/csrc/cstub.cpp,false,false,Requires USE_C_EXTENSION build/runtime availability
flag_gems,flag_gems::sort.stable,custom_cuda_cxx,flag_gems namespace custom op -> CUDA C++ extension,src/flag_gems/csrc/cstub.cpp,false,false,Requires USE_C_EXTENSION build/runtime availability
flag_gems,flag_gems::sum,custom_cuda_cxx,flag_gems namespace custom op -> CUDA C++ extension,src/flag_gems/csrc/cstub.cpp,false,false,Requires USE_C_EXTENSION build/runtime availability
flag_gems,flag_gems::sum.dim_IntList,custom_cuda_cxx,flag_gems namespace custom op -> CUDA C++ extension,src/flag_gems/csrc/cstub.cpp,false,false,Requires USE_C_EXTENSION build/runtime availability
flag_gems,flag_gems::to_copy,custom_cuda_cxx,flag_gems namespace custom op -> CUDA C++ extension,src/flag_gems/csrc/cstub.cpp,false,false,Requires USE_C_EXTENSION build/runtime availability
flag_gems,flag_gems::topk,custom_cuda_cxx,flag_gems namespace custom op -> CUDA C++ extension,src/flag_gems/csrc/cstub.cpp,false,false,Requires USE_C_EXTENSION build/runtime availability
flag_gems,flag_gems::true_divide.Tensor,custom_cuda_cxx,flag_gems namespace custom op -> CUDA C++ extension,src/flag_gems/csrc/cstub.cpp,false,false,Requires USE_C_EXTENSION build/runtime availability
flag_gems,flag_gems::true_divide_.Tensor,custom_cuda_cxx,flag_gems namespace custom op -> CUDA C++ extension,src/flag_gems/csrc/cstub.cpp,false,false,Requires USE_C_EXTENSION build/runtime availability
flag_gems,flag_gems::zeros,custom_cuda_cxx,flag_gems namespace custom op -> CUDA C++ extension,src/flag_gems/csrc/cstub.cpp,false,false,Requires USE_C_EXTENSION build/runtime availability
vllm_lib_patch,_C::silu_and_mul,vllm_library_patch,vLLM custom op -> FlagGems patch target `custom_silu_and_mul`,src/flag_gems/patches/patch_vllm_all.py,false,false,Activated by apply_gems_patches_to_vllm(...)
vllm_lib_patch,_C::cutlass_scaled_mm,vllm_library_patch,vLLM custom op -> FlagGems patch target `custom_cutlass_scaled_mm`,src/flag_gems/patches/patch_vllm_all.py,false,true,Activated by apply_gems_patches_to_vllm(...)
vllm_lib_patch,_moe_C::moe_align_block_size,vllm_library_patch,vLLM custom op -> FlagGems patch target `custom_moe_align_block_size`,src/flag_gems/patches/patch_vllm_all.py,false,false,Activated by apply_gems_patches_to_vllm(...)
vllm_lib_patch,_moe_C::topk_softmax,vllm_library_patch,vLLM custom op -> FlagGems patch target `custom_topk_softmax`,src/flag_gems/patches/patch_vllm_all.py,false,false,Activated by apply_gems_patches_to_vllm(...)
vllm_lib_patch,_moe_C::moe_sum,vllm_library_patch,vLLM custom op -> FlagGems patch target `custom_moe_sum`,src/flag_gems/patches/patch_vllm_all.py,false,false,Activated by apply_gems_patches_to_vllm(...)
vllm_lib_patch,_vllm_fa3_C::get_scheduler_metadata,vllm_library_patch,vLLM custom op -> FlagGems patch target `custom_get_scheduler_metadata`,src/flag_gems/patches/patch_vllm_all.py,false,false,Activated by apply_gems_patches_to_vllm(...)
vllm_lib_patch,_moe_C::grouped_topk,vllm_library_patch,vLLM custom op -> FlagGems patch target `custom_moe_grouped_topk`,src/flag_gems/patches/patch_vllm_all.py,false,false,Activated by apply_gems_patches_to_vllm(...)
vllm_lib_patch,_C::per_token_group_fp8_quant,vllm_library_patch,vLLM custom op -> FlagGems patch target `custom_per_token_group_fp8_quant`,src/flag_gems/patches/patch_vllm_all.py,false,true,Activated by apply_gems_patches_to_vllm(...)
vllm_lib_patch,_C::apply_repetition_penalties_,vllm_library_patch,vLLM custom op -> FlagGems patch target `custom_apply_repetition_penalties`,src/flag_gems/patches/patch_vllm_all.py,false,false,Activated by apply_gems_patches_to_vllm(...)
vllm_lib_patch,_C_cache_ops::concat_and_cache_mla,vllm_library_patch,vLLM custom op -> FlagGems patch target `custom_concat_and_cache_mla`,src/flag_gems/patches/patch_vllm_all.py,false,false,Activated by apply_gems_patches_to_vllm(...)
vllm_module_patch,vllm.model_executor.layers.layernorm.RMSNorm.forward_cuda,vllm_module_method_patch,vLLM module method monkey-patched to `custom_gems_rms_forward_cuda`,src/flag_gems/patches/patch_vllm_all.py,false,false,Patch applies only if module/class import succeeds
vllm_module_patch,vllm.model_executor.layers.rotary_embedding.RotaryEmbedding.forward_cuda,vllm_module_method_patch,vLLM module method monkey-patched to `custom_gems_rope_forward_cuda`,src/flag_gems/patches/patch_vllm_all.py,false,false,Patch applies only if module/class import succeeds
vllm_module_patch,vllm.attention.ops.paged_attn.PagedAttention.write_to_paged_cache,vllm_module_method_patch,vLLM module method monkey-patched to `custom_gems_write_to_paged_cache`,src/flag_gems/patches/patch_vllm_all.py,false,false,Patch applies only if module/class import succeeds
vllm_module_patch,vllm.model_executor.layers.activation.SiluAndMul.forward_cuda,vllm_module_method_patch,vLLM module method monkey-patched to `custom_gems_silu_and_mul`,src/flag_gems/patches/patch_vllm_all.py,false,false,Patch applies only if module/class import succeeds
vllm_module_patch,vllm.v1.attention.backends.mla.triton_mla.TritonMLAImpl._forward_decode,vllm_module_method_patch,vLLM module method monkey-patched to `custom_gems_flash_mla_forward`,src/flag_gems/patches/patch_vllm_all.py,false,false,Patch applies only if module/class import succeeds
vllm_module_patch,vllm.v1.attention.backends.flash_attn.FlashAttentionImpl.forward,vllm_module_method_patch,vLLM module method monkey-patched to `custom_gems_flash_attention_impl_forward`,src/flag_gems/patches/patch_vllm_all.py,false,false,Patch applies only if module/class import succeeds
vllm_module_patch,vllm.v1.attention.backends.mla.flashattn_mla.FlashAttnMLAImpl._forward_decode,vllm_module_method_patch,vLLM module method monkey-patched to `custom_gems_flashattn_mla_forward_decode`,src/flag_gems/patches/patch_vllm_all.py,false,false,Patch applies only if module/class import succeeds
